<?xml version="1.0" encoding="UTF-8"?>
<project-private xmlns="http://www.netbeans.org/ns/project-private/1">
    <editor-bookmarks xmlns="http://www.netbeans.org/ns/editor-bookmarks/2" lastBookmarkId="0"/>
    <open-files xmlns="http://www.netbeans.org/ns/projectui-open-files/2">
        <group>
            <file>file://jacstudents/students/1796122/GitHub/java2-familybei/Java3TPHouseholdBIE_TheFinalLarisa_Tue/src/HelperClasses/Database.java</file>
            <file>file://jacstudents/students/1796122/GitHub/java2-familybei/Java3TPHouseholdBIE_TheFinalLarisa_Tue/src/Frames/Welcome.java</file>
            <file>file://jacstudents/students/1796122/GitHub/java2-familybei/Java3TPHouseholdBIE_TheFinalLarisa_Tue/src/Frames/Details.java</file>
        </group>
    </open-files>
</project-private>
